Contract,No,Yes,ChurnRate
Month-to-month,0.5729032258064516,0.4270967741935484,0.4270967741935484
One year,0.8873048200950441,0.11269517990495587,0.11269517990495587
Two year,0.9716814159292035,0.02831858407079646,0.02831858407079646
