PaymentMethod,No,Yes,ChurnRate
Bank transfer (automatic),0.832901554404145,0.16709844559585493,0.16709844559585493
Credit card (automatic),0.8475689881734559,0.15243101182654403,0.15243101182654403
Electronic check,0.5471458773784356,0.4528541226215645,0.4528541226215645
Mailed check,0.8089330024813896,0.19106699751861042,0.19106699751861042
