TenureBucket,No,Yes,ChurnRate
0-12,0.5232183908045978,0.4767816091954023,0.4767816091954023
13-24,0.712890625,0.287109375,0.287109375
25-48,0.7961104140526977,0.2038895859473024,0.2038895859473024
49+,0.9048682447521215,0.09513175524787852,0.09513175524787852
